{"Name":"Person (1)","STR":16,"INT":10,"WIS":5,"CON":8,"DEX":10,"CHR":7,"MAGR":7,"HP":4,"AC":4,"ENC":2,"ALGN":0,"LVL":1,"STRf":0.8888888955116272,"INTf":0.5555555820465088,"WISf":0.2777777910232544,"CONf":0.4444444477558136,"DEXf":0.5555555820465088,"CHRf":0.3888888955116272,"MAGRf":0.0,"HPf":0.5,"ACf":0.0,"ENCf":0.1111111119389534,"ALGNf":0.0,"LVLf":0.05000000074505806,"ImHit":0,"HitHim":0}