{"Name":"Person (0)","STR":7,"INT":7,"WIS":9,"CON":13,"DEX":14,"CHR":11,"MAGR":9,"HP":3,"AC":14,"ENC":12,"ALGN":1,"LVL":1,"STRf":0.3888888955116272,"INTf":0.3888888955116272,"WISf":0.5,"CONf":0.7222222089767456,"DEXf":0.7777777910232544,"CHRf":0.6111111044883728,"MAGRf":0.0,"HPf":0.375,"ACf":0.0,"ENCf":0.6666666865348816,"ALGNf":0.3333333432674408,"LVLf":0.05000000074505806,"ImHit":0,"HitHim":0}