{"Name":"Person (1)","STR":10,"INT":13,"WIS":8,"CON":10,"DEX":12,"CHR":12,"MAGR":11,"HP":4,"AC":17,"ENC":12,"ALGN":2,"LVL":1,"STRf":0.5555555820465088,"INTf":0.7222222089767456,"WISf":0.4444444477558136,"CONf":0.5555555820465088,"DEXf":0.6666666865348816,"CHRf":0.6666666865348816,"MAGRf":0.0,"HPf":0.5,"ACf":0.0,"ENCf":0.6666666865348816,"ALGNf":0.6666666865348816,"LVLf":0.05000000074505806,"ImHit":0,"HitHim":0}