{"Name":"Woman (3)","STR":13,"INT":11,"WIS":10,"CON":11,"DEX":14,"CHR":11,"MAGR":10,"HP":6,"AC":18,"ENC":11,"ALGN":0,"LVL":1,"STRf":0.7222222089767456,"INTf":0.6111111044883728,"WISf":0.5555555820465088,"CONf":0.6111111044883728,"DEXf":0.7777777910232544,"CHRf":0.6111111044883728,"MAGRf":0.0,"HPf":0.75,"ACf":0.0,"ENCf":0.6111111044883728,"ALGNf":0.0,"LVLf":0.05000000074505806,"ImHit":0,"HitHim":0}