{"Name":"Woman (0)","STR":11,"INT":11,"WIS":8,"CON":17,"DEX":9,"CHR":10,"MAGR":9,"HP":6,"AC":10,"ENC":8,"ALGN":0,"LVL":1,"STRf":0.6111111044883728,"INTf":0.6111111044883728,"WISf":0.4444444477558136,"CONf":0.9444444179534912,"DEXf":0.5,"CHRf":0.5555555820465088,"MAGRf":0.0,"HPf":0.75,"ACf":0.0,"ENCf":0.4444444477558136,"ALGNf":0.0,"LVLf":0.05000000074505806,"ImHit":0,"HitHim":0}