{"Name":"Woman (1)","STR":13,"INT":13,"WIS":15,"CON":5,"DEX":15,"CHR":8,"MAGR":12,"HP":6,"AC":10,"ENC":7,"ALGN":1,"LVL":1,"STRf":0.7222222089767456,"INTf":0.7222222089767456,"WISf":0.8333333134651184,"CONf":0.2777777910232544,"DEXf":0.8333333134651184,"CHRf":0.4444444477558136,"MAGRf":0.0,"HPf":0.75,"ACf":0.0,"ENCf":0.3888888955116272,"ALGNf":0.3333333432674408,"LVLf":0.05000000074505806,"ImHit":0,"HitHim":0}